country,hostname,ip,key
at-vienna,at1.wg.ivpn.net,185.244.212.69,83LUBnP97SFpnS0y1MpEAFcg8MIiQJgW1FRv/8Mc40g=
au-sydney,au-nsw1.wg.ivpn.net,46.102.153.246,KmSrG48t5xw9CJCPlYLBG3JnmiY0CnUgyRM5TUEwZhM=
be-brussels,be1.wg.ivpn.net,194.187.251.13,awriP5lpdxEMWKuG+A1DOg+vb1M5jd3WhynIMB61BhU=
bg-sofia,bg1.wg.ivpn.net,82.102.23.21,WDSsdJE6wvATIWfzQwayPtE/0DaXBQgW/hPm7sQSJmU=
br-franca,br1.wg.ivpn.net,45.162.229.133,eN1f15S3YzRyYCALiPGRQcjkQO9xntcdqPhJJ6TOymc=
ca-montreal,ca1.wg.ivpn.net,37.120.130.58,rg+GGDmjM4Vxo1hURvKmgm9yonb6qcoKbPCP/DNDBnI=
ca-montreal,ca-qc1.wg.ivpn.net,87.101.92.29,98JU1mdCR8vD1aNZg017/NjBeTjuuCKUaLw0zfz/CUE=
ca-toronto,ca2.wg.ivpn.net,172.86.186.173,5qHV10ZbFgEGnF6wg9QpKeh1l6Di2JUG/5PdNaaoNW8=
ca-toronto,ca1.wg.ivpn.net,104.254.90.181,mdGnCZwinuOVGg46zsWnFhhenfFId6jht9GBTKB+xUA=
ch-zurich,ch1.wg.ivpn.net,141.255.164.66,jVZJ61i1xxkAfriDHpwvF/GDuTvZUqhwoWSjkOJvaUA=
ch-zurich,ch2.wg.ivpn.net,136.0.0.197,2AEtpzs3ynkzFhSYQtHUBSlHmRcpGOcgcUlhwSw9P20=
ch-zurich,ch3.wg.ivpn.net,141.255.166.198,JBpgBKtqIneRuEga7mbP2PAk/e4HPRaC11H0A0+R3lA=
ch-zurich,ch1.wg.ivpn.net,185.212.170.141,dU7gLfcupYd37LW0q6cxC6PHMba+eUFAUOoU/ryXZkY=
cz-prague,cz1.wg.ivpn.net,185.180.14.41,gVbEq2cGRzwCSGPqT2oRSYYN+P6IK3uvvRffErASDSk=
de-frankfurt,de1.wg.ivpn.net,185.102.219.26,mS3/WpXjnMAMmXjSpd4nFzx9HSE3ubv2WyjpyH2REgs=
de-frankfurt,de1.wg.ivpn.net,178.162.212.24,Sc5AUZieg0qX8kyCy9p0OHRES4n0CHtHHM+ZPyERFTc=
de-frankfurt,de2.wg.ivpn.net,37.58.60.151,QhY3OtBf4FFafKtLO33e6k8JnAl8e6ktFcRUyLjCDVY=
dk-copenhagen,dk1.wg.ivpn.net,185.245.84.229,jTsV5gOD7lT4egDj9rhKwO2OO2X7bKs2EQPcZEnUWDE=
es-madrid,es1.wg.ivpn.net,84.17.62.98,w7umiArTtlJ4Pk6Ii9WX5VXK5vw/Qu+Z37/icKlIYWo=
fi-helsinki,fi1.wg.ivpn.net,194.34.134.63,mIxEzfjZ2wV6jJVj30w38ECd2LSH4bw/HLMnM2ICHiI=
fr-paris,fr1.wg.ivpn.net,185.93.2.132,g7BuMzj3r/noLiLR4qhQMcvU6GSIY8RGEnaYtdYsFX4=
gb-london,gb1.wg.ivpn.net,81.92.202.114,7+jos+Eg+hMEOQE4Std6OJ+WVnCcmbqS1/EbPwn9w3s=
gb-london,gb2.wg.ivpn.net,185.59.221.225,x0BTRaxsdxAd58ZyU2YMX4bmuj+Eg+8/urT2F3Vs1n8=
gb-london,gb1.wg.ivpn.net,185.59.221.140,yKK5x+D17Jr3Q12T/UBaDjNVmNdZBsqpvTqH6YfsGHg=
gb-manchester,gb-man1.wg.ivpn.net,89.238.141.231,+hf4DYilNEIjTdSOuCNcWdqVyaRoxGzXw7wvNl7f7Rg=
hk-hongkong,hk1.wg.ivpn.net,209.58.189.105,MbqqGy6TI2WVxHYdMa7X1LJoIEQNElhYXMGlMqtwtS0=
hu-budapest,hu1.wg.ivpn.net,185.189.114.189,G30fNdXrnlqtqqOLF23QXWzFdLIKDxLW60HoYPvqml8=
il-telaviv,il1.wg.ivpn.net,185.191.207.197,HR9gAjpxXU3YVt6kehBw5n8yVYVE0iIgJdc4HTqOzEE=
is-reykjavik,is1.wg.ivpn.net,82.221.107.185,nZZT6TlQ2dXlVe3P3B5ozEScHYMWH4JY4y3to8w5dz0=
it-milan,it1.wg.ivpn.net,82.102.21.90,Aj6b81yrDk7I913R+fuSW/NAmIl87N73vHgY5/WQY0Q=
it-milan,it1.wg.ivpn.net,158.58.172.89,QTzR5R6jeDI/cQ0CXPIqOby9GR5nn+4Bcf4bK536Vy0=
jp-tokyo,jp1.wg.ivpn.net,91.207.174.237,tb9WdC3LSho3d1rI5N7kfG9e42/d+u4LPVdEYERPsSQ=
lu-luxembourg,lu1.wg.ivpn.net,92.223.89.57,hUS1OAFLGwpba8+oc5mifYtohZt/RTro5dMyYBLYHjI=
nl-amsterdam,nl1.wg.ivpn.net,185.102.218.104,AsMT2FqpkZbjzWeDch6GwufF5odl259W/hIkGytVfWo=
nl-amsterdam,nl4.wg.ivpn.net,95.211.95.19,cVB66gPq5cZ9dfXY+e2pbsCyih5o1zk04l5c5VCsV1g=
nl-amsterdam,nl3.wg.ivpn.net,95.211.95.9,XDU6Syq1DY82IMatsHV0x/TAtbLiRwh/SdFCXlEn40c=
nl-amsterdam,nl6.wg.ivpn.net,95.211.243.182,hMWpqb3FEATHIbImPVWB/5z2nWIXghwpnJjevPY+1H0=
nl-amsterdam,nl5.wg.ivpn.net,95.211.243.162,NCagAawwRixI6Iw/NWiGD8lbjDNCl0aTICZKJtO/1HA=
nl-amsterdam,nl7.wg.ivpn.net,95.211.172.105,hQNYqtfOOAEz0IGshLx/TI9hUrfR9gIIkjVm4VsCbBM=
nl-amsterdam,nl8.wg.ivpn.net,95.211.198.167,/nY1/OhVhdHtbnU/s31zYUuPBH0pizv4DemW5KDOUkg=
no-oslo,no1.wg.ivpn.net,91.189.177.156,xFO6ksbO3Gr05rRgAW0O5Veoi4bpTgz2G9RvtBzK7Cg=
pl-warsaw,pl1.wg.ivpn.net,185.246.208.109,1JDmF79rWj5C+kHp71AbdHne/yGaizWCd2bLfSFvYjo=
pt-lisbon,pt1.wg.ivpn.net,94.46.175.113,nMnA82YVrvEK80GVoY/0Z9McWeqjcLzuMYSL+86j5nU=
ro-bucharest,ro1.wg.ivpn.net,37.120.206.53,F2uQ57hysZTlw8WYELnyCw9Lga80wNYoYwkrrxyXKmw=
rs-belgrade,rs1.wg.ivpn.net,141.98.103.253,xLN/lpQThQ3z3tvYf7VqdAsRL/nton1Vhv2kCZlQtWE=
se-stockholm,se1.wg.ivpn.net,37.120.153.226,2n0nFE1g/+vQr2AOQPm9Igyiy0zh9uTTultvOOSkMRo=
se-stockholm,se1.wg.ivpn.net,80.67.10.141,u8VHnYEpoEjJWDAF9NAUkU6s810RnkMuhEfFD9U0cGo=
sg-singapore,sg1.wg.ivpn.net,37.120.151.122,hSg0At4uwuIhmTy5UT4fRbi5AN6JO2ZWTuIvqd4nHCE=
sg-singapore,sg1.wg.ivpn.net,185.128.24.189,pWk0u1Xq8FHC+xpkN+C6yEKOTEanorR5zMCSfHlLzFw=
sk-bratislava,sk1.wg.ivpn.net,185.245.85.253,MOBWWpEgNsKbFj4BEyWSDFLlkBs5iUFiqdSdTFTDBko=
ua-kharkiv,ua1.wg.ivpn.net,176.103.57.129,mIxEzfjZ2wV6jJVj30w38ECd2LSH4bw/HLMnM2ICHiI=
us-atlanta-ga,us-ga1.wg.ivpn.net,185.93.0.212,jD8h+pL5/d6fmYcTzl0lR8AWzQVN5XkwRFSmM/3NcDM=
us-atlanta-ga,us-ga1.wg.ivpn.net,104.129.24.149,EJFl28aYpZKfmJqb1jxxTEnGx6kaH2USVrigpHKKXhs=
us-atlanta-ga,us-ga2.wg.ivpn.net,107.150.22.77,hr2uQOEGCvGeDkoCQJ2dCI8dM8Iu5aKhb1PIvJ9q72E=
us-chicago-il,us-il1.wg.ivpn.net,89.187.181.116,hku9gjamhoii8OvxZgx+TdUDIkOAQYFu39qbav2AyUQ=
us-chicago-il,us-il1.wg.ivpn.net,72.11.137.158,Uy5a8JOqneAUY1dC5s9jubLnotbyIfBsLP2nZuzRbHs=
us-chicago-il,us-il2.wg.ivpn.net,72.11.137.148,ANhVUMAQgStPVNRHW8mg0ZtN1YI1QHyXfNCO8+USNQQ=
us-dallas-tx,us-tx1.wg.ivpn.net,198.55.124.114,JPT1veXLmasj2uQDstX24mpR7VWD+GmV8JDkidkz91Q=
us-dallas-tx,us-tx1.wg.ivpn.net,96.44.189.197,LvWf548mFddi8PTrIGL6uD1/l85LU8z0Rc8tpvw2Vls=
us-dallas-tx,us-tx2.wg.ivpn.net,96.44.142.77,om8hOGUcEvoOhHvJZoBHxNF4jxY/+Ml9Iy1WOSC/pFo=
us-lasvegas-nv,us-nv1.wg.ivpn.net,185.242.5.37,PRpvAZyoNWNm/KHlqafjtYoZtn1PkIPylUE4WbuYmgM=
us-losangeles-ca,us-ca1.wg.ivpn.net,185.180.13.41,FGl78s9Ct6xNamQ2/CtAyXwGePrrU0kiZxfM27pm8XA=
us-losangeles-ca,us-ca1.wg.ivpn.net,216.144.236.44,B+qXdkIuETpzI0bfhGUAHN4SU91Tjs6ItdFlu93S42I=
us-losangeles-ca,us-ca2.wg.ivpn.net,216.144.236.68,qv4Tupfon5NUSwzDpM8zPizSwJZn2h+9CqrufcyDOko=
us-losangeles-ca,us-ca3.wg.ivpn.net,209.58.142.243,J5+Bx84LxNPdWEhewOvBV/fGWiDluIBlAcr1QlJZil8=
us-losangeles-ca,us-ca4.wg.ivpn.net,216.144.237.83,dYPXYr6HSRJPe3MhALwGWNtdEy1+EPE9Kqv7cTrUXk8=
us-miami-fl,us-fl1.wg.ivpn.net,173.44.49.93,Rkzo9WgxJBiKyEbkZvqGWtOVh9Gk9Vd7wL49SHXdHig=
us-newjersey-nj,us-nj3.wg.ivpn.net,23.226.128.21,AX7C1LO0ECUcHRYgX4/tIDYdR8npvfB/+pf4AfI3OHU=
us-newjersey-nj,us-nj4.wg.ivpn.net,194.36.111.54,1Te4AfL1yKo2k4jzPALnRPfKE3YSzXKo4XIRHPz5FxI=
us-newyork-ny,us-ny1.wg.ivpn.net,91.132.137.170,6/tjvgb7HFl7UuvBSegolxa1zKr3iSlDrlCexCmhAGE=
us-newyork-ny,us-ny1.wg.ivpn.net,172.241.166.13,kLR+ohj74sZID808noebNTdDDZzqb1XJWp0Ugyg6cGY=
us-newyork-ny,us-ny2.wg.ivpn.net,23.19.226.94,c7DwY2uT+6ulWAJ5u8qJNWHroA0qyJLcdNzf/f2kkhs=
us-phoenix-az,us-az1.wg.ivpn.net,193.37.254.133,Ts4MGazxpxL9rrYbERjgxa+kCEX85ou9gHoaJvDsRiI=
us-saltlakecity-ut,us-ut1.wg.ivpn.net,206.190.145.92,KirI7bpxD186CuYiOqNHF+QUe6YmRYf6CN3pXWOJT2k=
us-seattle-wa,us-wa1.wg.ivpn.net,23.19.87.237,LVe6jFXTc4uOzhERlcP62gGCPLxTQz8PINbUmRf+nGs=
us-washington-dc,us-dc1.wg.ivpn.net,207.244.100.235,FPMkzDE5nFIo2LTnsmOc+rWD+sAMgJ4eEHwjj8MbuS4=
