united_arab_emirates,uae,ae-dxb-001.mullvad.net,1195
albania,al,al-tia-001.mullvad.net,1302
austria,at,at-vie-001.mullvad.net,1302
austria3,at3,at-vie-003.mullvad.net,1302
australia_sydney103,ausyd103,au-syd-103.mullvad.net,1300
australia_melbourne,aumel2,au-mel-002.mullvad.net,1300
australia_canberra,aucbr,au-cbr-001.mullvad.net,1300
australia_sydney101,ausyd101,au-syd-101.mullvad.net,1300
australia_melbourne4,aumel4,au-mel-004.mullvad.net,1300
australia_adelaide,auadl1,au-adl-001.mullvad.net,1300
australia_brisbane,aubne1,au-bne-001.mullvad.net,1300
australia_melbourne3,aumel3,au-mel-003.mullvad.net,1300
australia_perth,auper1,au-per-001.mullvad.net,1300
australia_sydney102,ausyd102,au-syd-102.mullvad.net,1300
australia_sydney,ausyd1,au-syd-001.mullvad.net,1300
australia_sydney3,ausyd3,au-syd-003.mullvad.net,1300
belgium,be,be-bru-001.mullvad.net,1197
belgium2,be2,be-bru-002.mullvad.net,1197
belgium3,be3,be-bru-003.mullvad.net,1197
bulgaria,bg,bg-sof-001.mullvad.net,1300
bulgaria2,bg2,bg-sof-002.mullvad.net,1300
brazil,br,br-sao-001.mullvad.net,1197
brazil2,br2,br-sao-002.mullvad.net,1197
canada_montreal5,camtr5,ca-mtr-005.mullvad.net,1197
canada_montreal8,camtr8,ca-mtr-008.mullvad.net,1197
canada_montreal9,camtr9,ca-mtr-009.mullvad.net,1197
canada_vancouver3,cavan3,ca-van-003.mullvad.net,1197
canada_montreal,camtr,ca-mtr-001.mullvad.net,1197
canada_montreal2,camtr2,ca-mtr-002.mullvad.net,1197
canada_montreal4,camtr4,ca-mtr-004.mullvad.net,1197
canada_montreal3,camtr3,ca-mtr-003.mullvad.net,1197
canada_montreal11,camtr11,ca-mtr-011.mullvad.net,1197
canada_vancouver2,cavan2,ca-van-002.mullvad.net,1197
canada_vancouver,cavan,ca-van-001.mullvad.net,1197
canada_vancouver4,cavan4,ca-van-004.mullvad.net,1197
canada_montreal10,camtr10,ca-mtr-010.mullvad.net,1197
switzerland4,ch4,ch-zrh-004.mullvad.net,1195
switzerland106,ch106,ch-zrh-106.mullvad.net,1195
switzerland104,ch104,ch-zrh-104.mullvad.net,1195
switzerland101,ch101,ch-zrh-101.mullvad.net,1195
switzerland3,ch3,ch-zrh-003.mullvad.net,1195
switzerland102,ch102,ch-zrh-102.mullvad.net,1195
switzerland201,ch201,ch-zrh-201.mullvad.net,1195
switzerland108,ch108,ch-zrh-108.mullvad.net,1195
switzerland,ch,ch-zrh-001.mullvad.net,1195
switzerland103,ch103,ch-zrh-103.mullvad.net,1195
switzerland202,ch202,ch-zrh-202.mullvad.net,1195
switzerland2,ch2,ch-zrh-002.mullvad.net,1195
switzerland105,ch105,ch-zrh-105.mullvad.net,1195
czech_republic,cz5,cz-prg-005.mullvad.net,1300
czech_republic,cz,cz-prg-004.mullvad.net,1300
germany10,de10,de-fra-010.mullvad.net,1301
germany7,de7,de-fra-007.mullvad.net,1301
germany103,de103,de-fra-103.mullvad.net,1301
germany11,de11,de-fra-011.mullvad.net,1301
germany14,de14,de-fra-014.mullvad.net,1301
germany8,de8,de-fra-008.mullvad.net,1301
germany9,de9,de-fra-009.mullvad.net,1301
germany102,de102,de-fra-102.mullvad.net,1301
germany4,de4,de-fra-004.mullvad.net,1301
germany12,de12,de-fra-012.mullvad.net,1301
germany3,de3,de-fra-003.mullvad.net,1301
germany2,de2,de-fra-002.mullvad.net,1301
germany6,de6,de-fra-006.mullvad.net,1301
germany13,de13,de-fra-013.mullvad.net,1301
germany5,de5,de-fra-005.mullvad.net,1301
germany,de,de-fra-001.mullvad.net,1301
germany15,de15,de-fra-015.mullvad.net,1301
germany101,de101,de-fra-101.mullvad.net,1301
denmark101,dk101,dk-cph-101.mullvad.net,1196
denmark301,dk301,dk-cph-301.mullvad.net,1196
denmark2,dk2,dk-cph-002.mullvad.net,1196
denmark102,dk102,dk-cph-102.mullvad.net,1196
denmark201,dk201,dk-cph-201.mullvad.net,1196
denmark,dk,dk-cph-001.mullvad.net,1196
spain5,es5,es-mad-005.mullvad.net,1301
spain,es,es-mad-002.mullvad.net,1301
spain4,es4,es-mad-004.mullvad.net,1301
spain3,es3,es-mad-003.mullvad.net,1301
finland6,fi6,fi-hel-006.mullvad.net,1197
finland,fi,fi-hel-001.mullvad.net,1197
finland2,fi2,fi-hel-002.mullvad.net,1197
finland3,fi3,fi-hel-003.mullvad.net,1197
finland7,fi7,fi-hel-007.mullvad.net,1197
finland5,fi5,fi-hel-005.mullvad.net,1197
finland4,fi4,fi-hel-004.mullvad.net,1197
france2,fr2,fr-par-002.mullvad.net,1194
france102,fr102,fr-par-102.mullvad.net,1194
france103,fr103,fr-par-103.mullvad.net,1194
france101,fr101,fr-par-101.mullvad.net,1194
france,fr,fr-par-001.mullvad.net,1194
france3,fr3,fr-par-003.mullvad.net,1194
france4,fr4,fr-par-004.mullvad.net,1194
uk_london4,uk_lon4,gb-lon-004.mullvad.net,1196
uk_london12,uk_lon12,gb-lon-012.mullvad.net,1196
uk_manchester10,uk_mnc10,gb-mnc-010.mullvad.net,1196
uk_london14,uk_lon14,gb-lon-014.mullvad.net,1196
uk_manchester6,uk_mnc6,gb-mnc-006.mullvad.net,1196
uk_manchester8,uk_mnc8,gb-mnc-008.mullvad.net,1196
uk_london2,uk_lon2,gb-lon-002.mullvad.net,1196
uk_london13,uk_lon13,gb-lon-013.mullvad.net,1196
uk_london8,uk_lon8,gb-lon-008.mullvad.net,1196
uk_manchester3,uk_mnc3,gb-mnc-003.mullvad.net,1196
uk_london11,uk_lon11,gb-lon-011.mullvad.net,1196
uk_london202,uk_lon202,gb-lon-202.mullvad.net,1196
uk_london201,uk_lon201,gb-lon-201.mullvad.net,1196
uk_london7,uk_lon7,gb-lon-007.mullvad.net,1196
uk_london10,uk_lon10,gb-lon-010.mullvad.net,1196
uk_manchester5,uk_mnc5,gb-mnc-005.mullvad.net,1196
uk_london9,uk_lon9,gb-lon-009.mullvad.net,1196
uk_london6,uk_lon6,gb-lon-006.mullvad.net,1196
uk_london5,uk_lon5,gb-lon-005.mullvad.net,1196
uk_london,uk_lon,gb-lon-001.mullvad.net,1196
uk_manchester,uk_mnc,gb-mnc-001.mullvad.net,1196
uk_manchester4,uk_mnc4,gb-mnc-004.mullvad.net,1196
uk_manchester2,uk_mnc2,gb-mnc-002.mullvad.net,1196
uk_london3,uk_lon3,gb-lon-003.mullvad.net,1196
greece,gr,gr-ath-001.mullvad.net,1194
hongkong,hk,hk-hkg-002.mullvad.net,1300
hongkong3,hk3,hk-hkg-003.mullvad.net,1300
hungary,hu,hu-bud-001.mullvad.net,1196
hungary2,hu2,hu-bud-002.mullvad.net,1196
ireland,ie2,ie-dub-002.mullvad.net,1196
ireland,ie,ie-dub-001.mullvad.net,1196
israel,il,il-tlv-001.mullvad.net,1301
italy,it2,it-mil-002.mullvad.net,1197
italy,it,it-mil-001.mullvad.net,1197
italy,it5,it-mil-005.mullvad.net,1197
japan,jp,jp-tyo-001.mullvad.net,1302
japan4,jp4,jp-tyo-004.mullvad.net,1302
japan5,jp5,jp-tyo-005.mullvad.net,1302
japan3,jp3,jp-tyo-003.mullvad.net,1302
japan2,jp2,jp-tyo-002.mullvad.net,1302
luxembourg,lu,lu-lux-001.mullvad.net,1197
luxembourg2,lu2,lu-lux-002.mullvad.net,1197
latvia,lv,lv-rix-001.mullvad.net,1302
moldova,md,md-kiv-001.mullvad.net,1197
netherlands3,nl3,nl-ams-003.mullvad.net,1300
netherlands9,nl9,nl-ams-009.mullvad.net,1300
netherlands16,nl16,nl-ams-016.mullvad.net,1300
netherlands6,nl6,nl-ams-006.mullvad.net,1300
netherlands10,nl10,nl-ams-010.mullvad.net,1300
netherlands5,nl5,nl-ams-005.mullvad.net,1300
netherlands,nl,nl-ams-002.mullvad.net,1300
netherlands17,nl17,nl-ams-017.mullvad.net,1300
netherlands11,nl11,nl-ams-011.mullvad.net,1300
netherlands18,nl18,nl-ams-018.mullvad.net,1300
netherlands15,nl15,nl-ams-015.mullvad.net,1300
netherlands14,nl14,nl-ams-014.mullvad.net,1300
netherlands13,nl13,nl-ams-013.mullvad.net,1300
netherlands12,nl12,nl-ams-012.mullvad.net,1300
netherlands4,nl4,nl-ams-004.mullvad.net,1300
norway4,no4,no-osl-004.mullvad.net,1194
norway3,no3,no-osl-003.mullvad.net,1194
norway2,no2,no-osl-002.mullvad.net,1194
norway,no,no-osl-001.mullvad.net,1194
norway7,no7,no-osl-007.mullvad.net,1194
norway6,no6,no-osl-006.mullvad.net,1194
norway5,no5,no-osl-005.mullvad.net,1194
norway8,no8,no-osl-008.mullvad.net,1194
new_zealand,nz,nz-akl-001.mullvad.net,1300
poland2,pl2,pl-waw-002.mullvad.net,1302
poland3,pl3,pl-waw-003.mullvad.net,1302
poland4,pl4,pl-waw-004.mullvad.net,1302
poland5,pl5,pl-waw-005.mullvad.net,1302
poland6,pl6,pl-waw-006.mullvad.net,1302
poland,pl,pl-waw-001.mullvad.net,1302
portugal,pt,pt-lis-001.mullvad.net,1195
romania2,ro2,ro-buh-002.mullvad.net,1195
romania,ro,ro-buh-001.mullvad.net,1195
romania5,ro5,ro-buh-005.mullvad.net,1195
serbia_belgrade,rsb,rs-beg-001.mullvad.net,1302
serbia_nis,rsn,rs-ini-001.mullvad.net,1302
sweden_malmo20,semma20,se-mma-020.mullvad.net,1196
sweden_malmo19,semma19,se-mma-019.mullvad.net,1196
sweden_gothenburg8,segot8,se-got-008.mullvad.net,1196
sweden_gothenburg,segot,se-got-005.mullvad.net,1196
sweden_stockholm12,sesto12,se-sto-012.mullvad.net,1196
sweden_malmo,semma,se-mma-004.mullvad.net,1196
sweden_stockholm9,sesto9,se-sto-009.mullvad.net,1196
sweden_stockholm11,sesto11,se-sto-011.mullvad.net,1196
sweden_malmo110,semma110,se-mma-110.mullvad.net,1196
sweden_stockholm5,sesto5,se-sto-005.mullvad.net,1196
sweden_malmo21,semma21,se-mma-021.mullvad.net,1196
sweden_helsingborg7,sehel7,se-hel-007.mullvad.net,1196
sweden_malmo16,semma16,se-mma-016.mullvad.net,1196
sweden_stockholm6,sesto6,se-sto-006.mullvad.net,1196
sweden_stockholm17,sesto17,se-sto-017.mullvad.net,1196
sweden_gothenburg6,segot6,se-got-006.mullvad.net,1196
sweden_malmo106,semma106,se-mma-106.mullvad.net,1196
sweden_stockholm10,sesto10,se-sto-010.mullvad.net,1196
sweden_stockholm18,sesto18,se-sto-018.mullvad.net,1196
sweden_gothenburg10,segot10,se-got-010.mullvad.net,1196
sweden_malmo8,semma8,se-mma-008.mullvad.net,1196
sweden_stockholm4,sesto4,se-sto-004.mullvad.net,1196
sweden_gothenburg12,segot12,se-got-012.mullvad.net,1196
sweden_malmo112,semma112,se-mma-112.mullvad.net,1196
sweden_stockholm3,sesto3,se-sto-003.mullvad.net,1196
sweden_gothenburg3,segot3,se-got-003.mullvad.net,1196
sweden_stockholm20,sesto20,se-sto-020.mullvad.net,1196
sweden_gothenburg2,segot2,se-got-002.mullvad.net,1196
sweden_malmo105,semma105,se-mma-105.mullvad.net,1196
sweden_stockholm21,sesto21,se-sto-021.mullvad.net,1196
sweden_malmo22,semma22,se-mma-022.mullvad.net,1196
sweden_malmo15,semma15,se-mma-015.mullvad.net,1196
sweden_stockholm23,sesto23,se-sto-023.mullvad.net,1196
sweden_malmo18,semma18,se-mma-018.mullvad.net,1196
sweden_gothenburg4,segot4,se-got-004.mullvad.net,1196
sweden_malmo24,semma24,se-mma-024.mullvad.net,1196
sweden_stockholm24,sesto24,se-sto-024.mullvad.net,1196
sweden_malmo14,semma14,se-mma-014.mullvad.net,1196
sweden_malmo109,semma109,se-mma-109.mullvad.net,1196
sweden_stockholm7,sesto7,se-sto-007.mullvad.net,1196
sweden_malmo103,semma103,se-mma-103.mullvad.net,1196
sweden_gothenburg11,segot11,se-got-011.mullvad.net,1196
sweden_malmo6,semma6,se-mma-006.mullvad.net,1196
sweden_malmo113,semma113,se-mma-113.mullvad.net,1196
sweden_helsingborg3,sehel3,se-hel-003.mullvad.net,1196
sweden_stockholm16,sesto16,se-sto-016.mullvad.net,1196
sweden_stockholm8,sesto8,se-sto-008.mullvad.net,1196
sweden_stockholm15,sesto15,se-sto-015.mullvad.net,1196
sweden_stockholm,sesto,se-sto-001.mullvad.net,1196
sweden_stockholm13,sesto13,se-sto-013.mullvad.net,1196
sweden_stockholm19,sesto19,se-sto-019.mullvad.net,1196
sweden_gothenburg7,segot7,se-got-007.mullvad.net,1196
sweden_malmo108,semma108,se-mma-108.mullvad.net,1196
sweden_malmo17,semma17,semma-017.mullvad.net,1196
sweden_malmo23,semma23,semma-023.mullvad.net,1196
sweden_gothenburg9,segot9,se-got-009.mullvad.net,1196
sweden_stockholm14,sesto14,se-sto-014.mullvad.net,1196
sweden_helsingborg2,sehel2,se-hel-002.mullvad.net,1196
sweden_helsingborg4,sehel4,se-hel-004.mullvad.net,1196
sweden_helsingborg,sehel,se-hel-001.mullvad.net,1196
sweden_stockholm22,sesto22,se-sto-022.mullvad.net,1196
sweden_malmo13,semma13,se-mma-013.mullvad.net,1196
sweden_malmo104,semma104,se-mma-104.mullvad.net,1196
singapore101,sg101,sg-sin-101.mullvad.net,1300
singapore,sg,sg-sin-001.mullvad.net,1300
us_colorado3,usden3,us-den-003.mullvad.net,1301
us_newyork202,usnyc202,us-nyc-202.mullvad.net,1301
us_utah5,usslc5,us-slc-005.mullvad.net,1301
us_florida3,usmia3,us-mia-003.mullvad.net,1301
us_newyork216,usnyc216,us-nyc-216.mullvad.net,1301
us_utah8,usslc8,us-slc-008.mullvad.net,1301
us_florida2,usmia2,us-mia-002.mullvad.net,1301
us_newyork211,usnyc211,us-nyc-211.mullvad.net,1301
us_california8,uslax8,us-lax-008.mullvad.net,1301
us_california13,uslax13,us-lax-013.mullvad.net,1301
us_newyork210,usnyc210,us-nyc-210.mullvad.net,1301
us_utah6,usslc6,us-slc-006.mullvad.net,1301
us_california12,uslax12,us-lax-012.mullvad.net,1301
us_california11,uslax11,us-lax-011.mullvad.net,1301
us_washington3,ussea3,us-sea-003.mullvad.net,1301
us_florida5,usmia5,us-mia-005.mullvad.net,1301
us_newyork217,usnyc217,us-nyc-217.mullvad.net,1301
us_newyork205,usnyc205,us-nyc-205.mullvad.net,1301
us_newjersey2,usuyk2,us-uyk-002.mullvad.net,1301
us_illinois2,uschi2,us-chi-002.mullvad.net,1301
us_utah4,usslc4,us-slc-004.mullvad.net,1301
us_florida1,usmia1,us-mia-001.mullvad.net,1301
us_california7,uslax7,us-lax-007.mullvad.net,1301
us_newyork209,usnyc209,us-nyc-209.mullvad.net,1301
us_utah3,usslc3,us-slc-003.mullvad.net,1301
us_newyork208,usnyc208,us-nyc-208.mullvad.net,1301
us_illinois8,uschi8,us-chi-008.mullvad.net,1301
us_california14,uslax14,us-lax-014.mullvad.net,1301
us_california2,uslax2,us-lax-002.mullvad.net,1301
us_newjersey,usuyk1,us-uyk-001.mullvad.net,1301
us_california15,uslax15,us-lax-015.mullvad.net,1301
us_utah7,usslc7,us-slc-007.mullvad.net,1301
us_california3,uslax3,us-lax-003.mullvad.net,1301
us_newyork218,usnyc-218,us-nyc-218.mullvad.net,1301
us_utah1,usslc1,us-slc-001.mullvad.net,1301
us_newyork204,usnyc204,us-nyc-204.mullvad.net,1301
us_colorado2,usden2,us-den-002.mullvad.net,1301
us_california5,uslax5,us-lax-005.mullvad.net,1301
us_texas3,usdal3,us-dal-003.mullvad.net,1301
us_california16,uslax16,us-lax-016.mullvad.net,1301
us_florida4,usmia4,us-mia-004.mullvad.net,1301
us_california6,uslax6,us-lax-006.mullvad.net,1301
us_newyork206,usnyc206,us-nyc-206.mullvad.net,1301
us_newyork207,usnyc207,us-nyc-207.mullvad.net,1301
us_illinois10,uschi10,us-chi-010.mullvad.net,1301
us_phx4,usphx4,us-phx-004.mullvad.net,1301
us_illinois1,uschi1,us-chi-001.mullvad.net,1301
us_illinois101,uschi101,us-chi-101.mullvad.net,1301
us_newyork214,usnyc214,us-nyc-214.mullvad.net,1301
us_california102,uslax-102,us-lax-102.mullvad.net,1301
us_illinois6,uschi6,us-chi-006.mullvad.net,1301
us_newyork219,usnyc-219,us-nyc-219.mullvad.net,1301
us_california10,uslax10,us-lax-010.mullvad.net,1301
us_colorado1,usden1,us-den-001.mullvad.net,1301
us_newyork101,usnyc-101,us-nyc-101.mullvad.net,1301
us_california9,uslax9,us-lax-009.mullvad.net,1301
us_utah2,usslc2,us-slc-002.mullvad.net,1301
us_atl3,usatl3,us-atl-003.mullvad.net,1301
us_illinois5,uschi5,us-chi-005.mullvad.net,1301
us_washington2,ussea2,us-sea-002.mullvad.net,1301
us_newyork215,usnyc215,us-nyc-215.mullvad.net,1301
us_california17,uslax17,us-lax-017.mullvad.net,1301
us_california202,uslax202,us-lax-202.mullvad.net,1301
us_texas4,usdal4,us-dal-004.mullvad.net,1301
